{
    "681831921239851069": {
        "skyCoin": 51282,
        "username": "sr.pedrax",
        "avatar": "a_25a8d1293000fb9b5135877fb926eb93",
        "email": "henriquepedrofariasdeoliveira@gmail.com"
    },
    "1098373770965700609": {
        "skyCoin": null
    },
    "1176172832921759830": {
        "skyCoin": 1061
    },
    "1236709780962414624": {
        "username": ".maloka7xis",
        "avatar": "d30eb707374bd47ba5585c6c6430303a",
        "email": "souz4kkz@gmail.com"
    },
    "1219951161034014750": {
        "username": "infinite.dl",
        "avatar": "44c5c11400b491f0086c01109a293d45",
        "email": "contato.infinitedesignlab@gmail.com"
    }
}