{
    "1196484205648027708": {
        "id": "1196484205648027708",
        "prefix": ".",
        "disabledChannels": [
            {
                "channelId": "1196616932007366786",
                "channelName": "🤖・vendas-bot"
            }
        ]
    },
    "1206416824921620500": {
        "disabledChannels": [
            {
                "channelId": "1206416824988864596",
                "channelName": "「📜」・regras"
            }
        ],
        "prefix": "$"
    },
    "1124304256518848543": {
        "id": "1124304256518848543"
    }
}